id,first_name,last_name,email,gender,ip_address
1,Livvy,Fabler,lfabler0@ustream.tv,Female,44.199.92.207
2,Codi,Sammons,csammons1@i2i.jp,Male,152.182.228.120
3,Ezekiel,Samter,esamter2@shinystat.com,Male,242.237.237.223
4,Rutger,Filippozzi,rfilippozzi3@joomla.org,Male,147.209.244.10
5,Alley,Alessandone,aalessandone4@opera.com,Male,242.20.242.85
6,Katlin,Lardner,klardner5@sun.com,Female,53.143.212.120
7,Susana,Bishopp,sbishopp6@mapy.cz,Female,231.139.162.176
8,Dulcinea,Campling,dcampling7@eventbrite.com,Female,32.179.208.15
9,Patrice,De Bruin,pdebruin8@devhub.com,Male,31.39.19.248
10,Renato,Mussetti,rmussetti9@seattletimes.com,Male,129.55.0.94
11,Paulita,Stot,pstota@shareasale.com,Female,237.8.240.151
12,Gibbie,Wisden,gwisdenb@ftc.gov,Male,180.230.107.142
13,Ree,Dufoure,rdufourec@blinklist.com,Female,65.189.6.109
14,Adlai,Coupman,acoupmand@patch.com,Male,44.57.124.64
15,Viviana,Safont,vsafonte@altervista.org,Female,20.218.5.207
16,Barbey,Gardiner,bgardinerf@google.co.jp,Female,80.72.152.23
17,Caryl,Pipkin,cpipking@mozilla.org,Male,166.148.49.222
18,Kelcy,Siddon,ksiddonh@yelp.com,Female,154.45.90.87
19,Karia,Arnould,karnouldi@newyorker.com,Female,121.164.163.20
20,Reamonn,Allon,rallonj@who.int,Genderqueer,29.181.49.254
21,Amandy,Steggals,asteggalsk@hao123.com,Female,44.8.224.173
22,Selig,Trinke,strinkel@shinystat.com,Male,192.227.141.36
23,Lou,Limer,llimerm@foxnews.com,Female,110.7.42.68
24,Blithe,Piotrkowski,bpiotrkowskin@miibeian.gov.cn,Genderqueer,44.238.254.7
25,Merwin,McCarl,mmccarlo@ask.com,Male,91.56.99.10
26,Arley,MacDearmont,amacdearmontp@shinystat.com,Male,58.124.248.102
27,Cortie,Craighill,ccraighillq@altervista.org,Male,248.80.133.36
28,Jemmie,Fettes,jfettesr@gizmodo.com,Female,203.41.103.23
29,Henrie,Fierman,hfiermans@oaic.gov.au,Female,35.83.250.34
30,Elladine,Ickovic,eickovict@cam.ac.uk,Female,101.46.40.6
31,My,Ernke,mernkeu@huffingtonpost.com,Male,60.131.103.199
32,Ron,Brownsett,rbrownsettv@go.com,Male,53.117.181.247
33,Brewster,Brennenstuhl,bbrennenstuhlw@usda.gov,Male,212.17.103.156
34,Dall,Luc,dlucx@ed.gov,Male,140.158.242.22
35,Gerik,Menure,gmenurey@comcast.net,Male,115.174.249.0
36,Ellette,Westphalen,ewestphalenz@va.gov,Female,57.22.3.49
37,Appolonia,Kernes,akernes10@i2i.jp,Female,250.110.240.36
38,Arnie,Sterricker,asterricker11@technorati.com,Male,18.66.155.100
39,June,Kollaschek,jkollaschek12@newyorker.com,Female,193.231.179.101
40,Otha,Brundill,obrundill13@amazon.com,Female,95.116.26.104
41,Emera,Runge,erunge14@yahoo.com,Polygender,109.80.112.7
42,Augy,Bafford,abafford15@prweb.com,Male,47.103.162.62
43,Jessi,Gleaves,jgleaves16@skyrock.com,Female,185.19.251.37
44,Nichols,Nudds,nnudds17@360.cn,Male,17.15.153.87
45,Wiley,Hedger,whedger18@toplist.cz,Male,46.167.219.22
46,Vasili,Simonnot,vsimonnot19@blogs.com,Male,48.42.226.60
47,Valma,Titlow,vtitlow1a@geocities.com,Female,194.98.231.72
48,Mattie,Flannigan,mflannigan1b@about.com,Genderfluid,27.62.90.26
49,Sheelagh,Berrygun,sberrygun1c@prweb.com,Female,41.21.71.3
50,Celestia,Yakovich,cyakovich1d@elpais.com,Female,60.77.39.183
51,Roshelle,Labbett,rlabbett1e@youtube.com,Female,33.131.74.159
52,Donaugh,Wolfendale,dwolfendale1f@furl.net,Male,88.68.54.21
53,Billie,Gathercoal,bgathercoal1g@google.nl,Female,227.177.137.160
54,Libbey,Yurukhin,lyurukhin1h@paypal.com,Female,184.36.139.220
55,Jaymie,Hallt,jhallt1i@surveymonkey.com,Male,40.172.192.83
56,Chan,Elsley,celsley1j@cam.ac.uk,Male,208.185.10.121
57,Cody,Caddy,ccaddy1k@w3.org,Male,104.63.146.178
58,Reeba,Thayre,rthayre1l@time.com,Female,142.0.91.89
59,Laurianne,Perrett,lperrett1m@businessinsider.com,Female,29.90.71.249
60,Major,Boullin,mboullin1n@bizjournals.com,Male,189.73.6.243
61,Vincenty,Grattage,vgrattage1o@stumbleupon.com,Male,103.25.141.59
62,Elayne,Town,etown1p@japanpost.jp,Female,109.81.23.47
63,Penn,Dumbar,pdumbar1q@creativecommons.org,Male,144.131.218.213
64,Tiffy,Pevsner,tpevsner1r@diigo.com,Female,182.36.85.197
65,Reggie,Euels,reuels1s@dailymail.co.uk,Male,26.190.183.47
66,Isadore,Wheeler,iwheeler1t@sphinn.com,Male,219.254.47.240
67,Doe,Bearns,dbearns1u@vimeo.com,Female,81.135.242.118
68,Francklin,Embery,fembery1v@bing.com,Male,109.239.174.73
69,Gardiner,Ricardot,gricardot1w@indiegogo.com,Male,130.233.161.17
70,Colleen,Gedney,cgedney1x@wordpress.org,Genderfluid,119.162.78.47
71,Ilise,Yitzowitz,iyitzowitz1y@nsw.gov.au,Female,122.57.236.3
72,Olly,Kee,okee1z@ifeng.com,Female,194.128.13.158
73,Matilde,Vollam,mvollam20@discovery.com,Female,27.93.91.162
74,Nani,Yanukhin,nyanukhin21@fc2.com,Female,233.64.205.143
75,Jenica,Bertlin,jbertlin22@guardian.co.uk,Female,234.198.160.188
76,Hope,Domico,hdomico23@trellian.com,Female,64.133.55.23
77,Abe,Gammade,agammade24@squidoo.com,Polygender,130.26.67.195
78,Bobbette,Quye,bquye25@twitter.com,Female,119.20.211.33
79,Alic,Deniso,adeniso26@free.fr,Agender,135.44.112.203
80,Ode,Vennings,ovennings27@smugmug.com,Genderqueer,65.98.242.54
81,Keane,Langham,klangham28@surveymonkey.com,Male,176.60.254.216
82,Stanfield,Garrish,sgarrish29@oaic.gov.au,Male,200.90.77.45
83,Jesselyn,Ebdin,jebdin2a@qq.com,Female,103.195.194.124
84,Pincas,Schlagtmans,pschlagtmans2b@51.la,Polygender,50.180.150.3
85,Garret,Cartmail,gcartmail2c@ycombinator.com,Male,115.224.189.72
86,Corrie,Grishukhin,cgrishukhin2d@networkadvertising.org,Male,191.9.192.163
87,Codee,Trimbey,ctrimbey2e@woothemes.com,Female,245.75.119.80
88,Nicolle,Punch,npunch2f@marriott.com,Female,28.175.226.232
89,Bord,Andriuzzi,bandriuzzi2g@google.com,Male,95.198.249.132
90,Tammy,Issacson,tissacson2h@icq.com,Male,75.175.38.203
91,Avie,Sonier,asonier2i@google.de,Female,189.167.167.119
92,Jonathan,Allenby,jallenby2j@nifty.com,Male,52.247.27.76
93,Ardelle,Whittington,awhittington2k@baidu.com,Female,36.249.14.125
94,Sari,Snepp,ssnepp2l@cisco.com,Female,188.205.55.142
95,Lainey,Seleway,lseleway2m@google.fr,Female,74.218.187.114
96,Janek,Dench,jdench2n@tripadvisor.com,Male,71.154.64.230
97,Wyndham,Alsford,walsford2o@ucoz.com,Male,251.197.241.173
98,Mimi,Morigan,mmorigan2p@about.com,Female,239.96.235.124
99,Roderigo,Silverstone,rsilverstone2q@51.la,Male,8.173.141.21
100,Audrey,Clardge,aclardge2r@europa.eu,Female,227.247.46.69
101,Toby,Slane,tslane2s@artisteer.com,Female,139.42.25.192
102,Heriberto,Benoi,hbenoi2t@woothemes.com,Male,149.163.1.224
103,Sarita,Danilovic,sdanilovic2u@upenn.edu,Female,68.180.85.111
104,Edita,Spinelli,espinelli2v@vistaprint.com,Female,181.189.21.84
105,Timotheus,Murrells,tmurrells2w@last.fm,Polygender,26.245.181.191
106,Jayme,Bernard,jbernard2x@ft.com,Female,124.32.16.114
107,Allina,Honnan,ahonnan2y@rediff.com,Female,14.116.217.111
108,Alvinia,Tasseler,atasseler2z@symantec.com,Female,153.36.3.0
109,Gustavus,Blazej,gblazej30@newsvine.com,Male,83.242.66.197
110,Inglebert,Mucillo,imucillo31@apache.org,Male,103.119.205.178
111,Freddy,Ramirez,framirez32@miibeian.gov.cn,Agender,244.94.164.80
112,Augie,McMeekan,amcmeekan33@slashdot.org,Male,93.57.160.16
113,Marve,Venmore,mvenmore34@columbia.edu,Male,184.238.50.75
114,Avrit,Callway,acallway35@furl.net,Female,57.6.215.67
115,Adriena,Weatherill,aweatherill36@liveinternet.ru,Female,19.188.21.74
116,Montague,Croal,mcroal37@sun.com,Male,178.159.194.61
117,Reyna,Grisley,rgrisley38@rambler.ru,Female,57.5.50.184
118,Reinhold,Sanger,rsanger39@sbwire.com,Male,52.8.166.124
119,Coretta,Denniss,cdenniss3a@accuweather.com,Female,89.253.78.61
120,Annice,Aspling,aaspling3b@google.it,Female,98.107.232.235
121,Baxter,Panketh,bpanketh3c@soundcloud.com,Male,181.191.73.200
122,Foster,Ettritch,fettritch3d@deliciousdays.com,Male,164.119.147.148
123,Fletcher,Hiley,fhiley3e@ucla.edu,Male,108.102.148.224
124,Tabatha,Points,tpoints3f@hibu.com,Female,52.214.1.153
125,Merry,Roberto,mroberto3g@mozilla.org,Female,2.252.141.252
126,Neal,Woolfall,nwoolfall3h@cargocollective.com,Polygender,168.99.124.196
127,Harold,Theaker,htheaker3i@bravesites.com,Male,35.221.111.54
128,Ashbey,Ennals,aennals3j@wufoo.com,Male,151.181.54.72
129,Anestassia,Croughan,acroughan3k@barnesandnoble.com,Female,63.254.177.28
130,Allyson,Artiss,aartiss3l@wikimedia.org,Female,171.122.187.65
131,York,Steynor,ysteynor3m@miibeian.gov.cn,Male,23.133.190.104
132,Yehudi,Furniss,yfurniss3n@linkedin.com,Male,32.23.77.251
133,Dorthea,Sturges,dsturges3o@webeden.co.uk,Female,201.235.240.36
134,Noam,Silly,nsilly3p@discuz.net,Non-binary,165.161.69.48
135,Kettie,Redd,kredd3q@europa.eu,Female,247.244.90.92
136,Aymer,Simoncelli,asimoncelli3r@newsvine.com,Male,84.188.36.109
137,Jessey,Folbigg,jfolbigg3s@ibm.com,Polygender,4.156.44.143
138,Lambert,Roset,lroset3t@businesswire.com,Male,45.74.30.14
139,Lauree,Pepon,lpepon3u@webmd.com,Female,126.41.206.18
140,Kaitlin,Ebbens,kebbens3v@who.int,Female,104.162.213.128
141,Lorianna,Bissill,lbissill3w@hostgator.com,Female,254.78.166.216
142,Pauly,Phillips,pphillips3x@java.com,Male,20.237.230.58
143,Luigi,Blackler,lblackler3y@youtu.be,Male,86.51.236.116
144,Thadeus,Ipsley,tipsley3z@java.com,Male,98.79.1.5
145,Bryana,Furzer,bfurzer40@drupal.org,Female,5.55.230.139
146,Mar,Tirte,mtirte41@shinystat.com,Male,136.11.212.73
147,Ronald,Veldman,rveldman42@time.com,Male,118.95.167.237
148,Celestia,Danilchenko,cdanilchenko43@ebay.co.uk,Female,203.11.177.208
149,Farlie,Coulling,fcoulling44@networkadvertising.org,Male,240.108.236.148
150,Agna,Kiff,akiff45@mayoclinic.com,Female,232.59.39.246
151,Beryl,Turton,bturton46@goo.ne.jp,Female,215.4.233.104
152,Kimberlyn,Vurley,kvurley47@statcounter.com,Female,255.233.38.213
153,Ron,Antoniades,rantoniades48@spiegel.de,Male,123.148.141.226
154,Lucine,Prickett,lprickett49@linkedin.com,Polygender,135.134.140.224
155,Clementius,Alyoshin,calyoshin4a@skyrock.com,Male,60.84.64.45
156,Whitney,Bampton,wbampton4b@constantcontact.com,Male,49.53.160.75
157,Clemence,Curner,ccurner4c@ocn.ne.jp,Female,92.80.245.149
158,Karia,Boecke,kboecke4d@abc.net.au,Female,20.10.224.246
159,Travers,Cantle,tcantle4e@zdnet.com,Male,137.182.224.102
160,Jessey,Baline,jbaline4f@uol.com.br,Male,232.151.167.171
161,Aylmer,Formigli,aformigli4g@reuters.com,Male,181.192.29.191
162,Marlow,Lightbown,mlightbown4h@miitbeian.gov.cn,Male,246.103.18.143
163,Mil,Fanthom,mfanthom4i@biglobe.ne.jp,Female,238.133.78.124
164,Feliza,Brierton,fbrierton4j@hc360.com,Female,229.207.203.86
165,Lou,Gulk,lgulk4k@si.edu,Genderqueer,133.194.84.204
166,Bren,Fenimore,bfenimore4l@arstechnica.com,Non-binary,229.152.67.195
167,Padraic,Backwell,pbackwell4m@census.gov,Male,110.72.14.122
168,Chloris,Victory,cvictory4n@flavors.me,Polygender,77.96.33.154
169,Lindsy,Layland,llayland4o@sbwire.com,Female,178.198.139.50
170,Zerk,Dunnan,zdunnan4p@youtu.be,Male,183.237.174.197
171,Ronny,Bonnar,rbonnar4q@constantcontact.com,Female,149.100.87.180
172,Vanna,Gornall,vgornall4r@accuweather.com,Female,95.234.220.5
173,Glori,Lyne,glyne4s@nationalgeographic.com,Female,184.0.216.241
174,Nikola,Pestridge,npestridge4t@weebly.com,Male,253.16.78.36
175,Melony,Judgkins,mjudgkins4u@eepurl.com,Female,26.50.19.162
176,Temp,Anstey,tanstey4v@oaic.gov.au,Male,39.25.32.175
177,Kory,Ginnelly,kginnelly4w@state.tx.us,Male,13.172.121.103
178,Giustina,Ludwell,gludwell4x@1und1.de,Female,227.130.66.101
179,Emory,Beswell,ebeswell4y@homestead.com,Male,28.165.153.239
180,Ring,Walklot,rwalklot4z@hugedomains.com,Non-binary,162.39.26.45
181,Rock,Arger,rarger50@ftc.gov,Male,104.90.20.43
182,Theda,Bedrosian,tbedrosian51@cocolog-nifty.com,Female,205.92.209.100
183,Jennilee,Laise,jlaise52@hc360.com,Polygender,94.17.58.204
184,Johannah,Palethorpe,jpalethorpe53@mayoclinic.com,Female,222.216.129.88
185,Meryl,Swindells,mswindells54@desdev.cn,Male,48.96.147.126
186,Merill,Gow,mgow55@eventbrite.com,Male,179.102.119.93
187,Mab,Commuzzo,mcommuzzo56@icio.us,Female,220.92.12.90
188,Stevie,Nollet,snollet57@imdb.com,Non-binary,235.87.195.175
189,Florinda,Benson,fbenson58@tmall.com,Female,0.189.47.240
190,Aigneis,Gotthard.sf,agotthardsf59@tripod.com,Female,120.69.238.95
191,Morgan,Earpe,mearpe5a@cornell.edu,Polygender,227.151.146.45
192,Giorgi,Dunston,gdunston5b@mtv.com,Male,123.136.62.155
193,Anselm,Misken,amisken5c@photobucket.com,Male,252.65.58.128
194,Emlyn,Gristwood,egristwood5d@infoseek.co.jp,Male,60.241.196.170
195,Morse,Raistrick,mraistrick5e@w3.org,Male,167.46.47.151
196,Debor,Simka,dsimka5f@phoca.cz,Female,253.203.38.156
197,Roderigo,Hobben,rhobben5g@indiatimes.com,Male,127.174.17.68
198,Bertie,Schuck,bschuck5h@walmart.com,Male,42.66.154.209
199,Lian,Leckey,lleckey5i@ibm.com,Female,156.31.110.28
200,Dev,Hayler,dhayler5j@over-blog.com,Non-binary,32.19.14.12
201,Billie,Bendtsen,bbendtsen5k@tuttocitta.it,Female,174.97.164.140
202,Veradis,Philp,vphilp5l@indiatimes.com,Female,174.168.184.87
203,Flo,Dron,fdron5m@wufoo.com,Agender,206.149.190.0
204,Sydel,Martinek,smartinek5n@cafepress.com,Female,222.233.55.156
205,Whitman,Dougan,wdougan5o@sfgate.com,Male,128.24.221.234
206,Yulma,Aikman,yaikman5p@t-online.de,Male,169.235.234.134
207,Homerus,Yonnie,hyonnie5q@slashdot.org,Male,178.245.58.12
208,Davine,Balfour,dbalfour5r@foxnews.com,Female,227.184.172.76
209,Lancelot,Joiner,ljoiner5s@purevolume.com,Genderfluid,202.150.211.210
210,Hussein,Esley,hesley5t@answers.com,Male,245.193.3.20
211,Michell,Mynett,mmynett5u@blogger.com,Female,66.103.116.192
212,Valentina,Crudge,vcrudge5v@naver.com,Polygender,136.60.206.170
213,Kally,Mowbury,kmowbury5w@hostgator.com,Female,99.199.188.110
214,Tomaso,Haimes,thaimes5x@chicagotribune.com,Bigender,32.229.178.89
215,Francisco,Delaprelle,fdelaprelle5y@pagesperso-orange.fr,Male,3.117.210.218
216,Harp,Yersin,hyersin5z@tripod.com,Male,201.28.175.130
217,Cassius,Mattedi,cmattedi60@nbcnews.com,Male,28.76.56.89
218,Neal,Dallimare,ndallimare61@wufoo.com,Male,212.192.83.32
219,Erin,Somes,esomes62@tamu.edu,Male,194.249.222.23
220,Thacher,McFadyen,tmcfadyen63@npr.org,Male,45.140.216.19
221,Dal,Ruske,druske64@bluehost.com,Genderqueer,148.178.227.27
222,Meridel,Hiddy,mhiddy65@paginegialle.it,Female,163.255.150.172
223,Papageno,Radeliffe,pradeliffe66@merriam-webster.com,Male,204.77.36.254
224,Bradly,Arnason,barnason67@apple.com,Male,1.209.70.162
225,Timothea,Langhorne,tlanghorne68@usatoday.com,Female,189.64.169.8
226,Alina,Piscopo,apiscopo69@topsy.com,Female,206.193.204.116
227,Emilee,Ferry,eferry6a@desdev.cn,Female,225.10.217.239
228,Aubert,Huggard,ahuggard6b@soup.io,Male,193.202.168.231
229,Amity,Kehir,akehir6c@gmpg.org,Female,223.75.179.201
230,Rubin,Baudins,rbaudins6d@cmu.edu,Male,164.76.168.206
231,Alis,Mauvin,amauvin6e@unicef.org,Female,114.232.138.121
232,Annalee,Pearle,apearle6f@ebay.com,Non-binary,26.224.123.198
233,Beaufort,Johansen,bjohansen6g@earthlink.net,Male,183.30.1.65
234,Cece,Siddaley,csiddaley6h@elegantthemes.com,Male,147.218.121.217
235,Giacomo,Stanislaw,gstanislaw6i@de.vu,Male,83.252.99.249
236,Chuck,Greenrodd,cgreenrodd6j@miibeian.gov.cn,Male,5.50.201.164
237,Tina,Abbis,tabbis6k@hatena.ne.jp,Female,135.104.56.223
238,Wylie,Asling,wasling6l@tinyurl.com,Male,141.93.19.176
239,Fionnula,Redmain,fredmain6m@freewebs.com,Bigender,133.146.243.92
240,Cass,Minihan,cminihan6n@umn.edu,Male,208.194.140.230
241,Leontyne,Sirrell,lsirrell6o@alexa.com,Female,94.234.203.191
242,Aarika,Ribbon,aribbon6p@posterous.com,Female,66.162.27.140
243,Bronnie,Tunnah,btunnah6q@gravatar.com,Male,208.72.197.242
244,Umberto,Denyer,udenyer6r@nyu.edu,Male,62.156.252.164
245,Avigdor,Ferenczi,aferenczi6s@scientificamerican.com,Male,137.160.53.44
246,Eartha,Stead,estead6t@answers.com,Female,110.18.164.152
247,Stephie,Absolem,sabsolem6u@vkontakte.ru,Genderqueer,66.179.113.96
248,Graham,Pawlicki,gpawlicki6v@netscape.com,Male,146.62.44.12
249,Arlyne,Deinhard,adeinhard6w@gizmodo.com,Female,206.233.158.25
250,Tressa,Cormack,tcormack6x@spiegel.de,Female,131.95.46.151
251,Jacquelin,Capelow,jcapelow6y@taobao.com,Female,116.138.248.44
252,Margi,Gatley,mgatley6z@huffingtonpost.com,Female,76.165.186.127
253,Cosimo,Currum,ccurrum70@zdnet.com,Male,214.203.229.198
254,Delmor,Gissing,dgissing71@lycos.com,Male,90.113.33.144
255,Harriett,Addis,haddis72@illinois.edu,Female,201.84.198.80
256,Noach,Darthe,ndarthe73@gnu.org,Male,137.230.107.215
257,Ida,Furse,ifurse74@nationalgeographic.com,Female,51.255.214.186
258,Danila,McKirdy,dmckirdy75@sourceforge.net,Female,234.220.11.251
259,Gilbertina,Burgyn,gburgyn76@wsj.com,Female,209.5.143.7
260,Milt,Boydon,mboydon77@studiopress.com,Male,187.222.173.157
261,Arri,Klauber,aklauber78@examiner.com,Male,245.240.59.230
262,Corrie,Dwerryhouse,cdwerryhouse79@netlog.com,Male,35.44.12.52
263,Loren,Doe,ldoe7a@google.cn,Male,48.39.19.44
264,Laurette,Agates,lagates7b@plala.or.jp,Female,187.238.196.86
265,Harvey,Gresty,hgresty7c@wordpress.com,Male,92.147.212.189
266,Hyacintha,Laughlin,hlaughlin7d@webeden.co.uk,Female,73.165.241.217
267,Olivie,McHale,omchale7e@homestead.com,Agender,146.195.253.174
268,Kent,Mengo,kmengo7f@dion.ne.jp,Male,140.200.84.145
269,Doe,Norcott,dnorcott7g@springer.com,Bigender,231.116.46.201
270,Gordie,Groomebridge,ggroomebridge7h@altervista.org,Male,15.218.34.34
271,Alberta,Gawkes,agawkes7i@timesonline.co.uk,Female,84.153.132.172
272,Fae,Myrtle,fmyrtle7j@wikimedia.org,Female,161.160.174.32
273,Loutitia,Le Sarr,llesarr7k@telegraph.co.uk,Bigender,28.56.128.152
274,Nickie,Prendergrass,nprendergrass7l@a8.net,Female,188.55.76.28
275,Fowler,Adamov,fadamov7m@cbslocal.com,Male,197.208.50.230
276,Lina,Wince,lwince7n@ebay.co.uk,Female,225.88.66.104
277,Auroora,Grumbridge,agrumbridge7o@exblog.jp,Female,113.9.162.110
278,Jacquenette,Jensen,jjensen7p@digg.com,Female,31.104.240.206
279,Kit,Renault,krenault7q@nyu.edu,Female,18.248.188.30
280,Manya,Giddy,mgiddy7r@deliciousdays.com,Female,66.218.209.131
281,Dwain,Tomaszczyk,dtomaszczyk7s@ted.com,Genderqueer,80.90.217.86
282,Maximo,Jaquemar,mjaquemar7t@answers.com,Genderfluid,58.170.183.204
283,Marina,Henrych,mhenrych7u@abc.net.au,Genderfluid,20.199.195.99
284,Thebault,Crebbin,tcrebbin7v@ebay.co.uk,Agender,234.148.10.106
285,Oates,Gravatt,ogravatt7w@sfgate.com,Male,4.81.114.114
286,Daniel,Peller,dpeller7x@simplemachines.org,Genderqueer,227.183.101.253
287,Kayla,Emmanueli,kemmanueli7y@virginia.edu,Female,75.200.99.123
288,Ricard,Duddell,rduddell7z@yelp.com,Male,234.145.236.54
289,Raimund,Zanussii,rzanussii80@hc360.com,Male,235.248.10.28
290,Keary,Trenam,ktrenam81@google.de,Male,157.48.214.176
291,Mercedes,Gossington,mgossington82@github.com,Female,87.255.238.222
292,Suzann,Ketchen,sketchen83@diigo.com,Female,104.161.71.91
293,Lillis,Loram,lloram84@liveinternet.ru,Female,10.207.254.238
294,Clarabelle,Costanza,ccostanza85@sbwire.com,Female,56.202.56.90
295,Davidde,Mateiko,dmateiko86@yolasite.com,Bigender,111.179.242.49
296,Oona,Hawksby,ohawksby87@scribd.com,Female,178.194.55.216
297,Ody,Eisikovitsh,oeisikovitsh88@creativecommons.org,Male,80.66.164.0
298,Ennis,Archer,earcher89@last.fm,Male,248.226.86.247
299,Whit,Ricci,wricci8a@gov.uk,Male,145.211.163.18
300,Herminia,Bestman,hbestman8b@va.gov,Female,117.168.204.112
301,Casey,Couvet,ccouvet8c@topsy.com,Male,255.236.158.41
302,Theresina,Jellybrand,tjellybrand8d@apache.org,Female,47.37.227.169
303,Tonia,Summerscales,tsummerscales8e@nyu.edu,Female,230.24.158.23
304,Maure,Curedell,mcuredell8f@github.io,Female,194.164.183.168
305,Calv,Dadswell,cdadswell8g@dagondesign.com,Male,204.159.148.138
306,Butch,Dunton,bdunton8h@deliciousdays.com,Male,131.143.211.226
307,Josephina,Kelle,jkelle8i@artisteer.com,Female,26.93.82.70
308,Marget,Wiltsher,mwiltsher8j@cocolog-nifty.com,Female,52.121.60.177
309,Saudra,Taaffe,staaffe8k@posterous.com,Female,106.243.187.212
310,Frankie,Upson,fupson8l@yandex.ru,Female,193.202.13.72
311,Clo,Chafer,cchafer8m@slate.com,Female,188.218.122.133
312,Vida,Spinnace,vspinnace8n@photobucket.com,Female,186.204.77.133
313,Francyne,Elstob,felstob8o@wp.com,Female,38.121.126.161
314,Magdalene,Healeas,mhealeas8p@instagram.com,Female,171.224.124.82
315,Geri,Simukov,gsimukov8q@wufoo.com,Male,70.118.89.151
316,Cecil,Tallowin,ctallowin8r@livejournal.com,Male,10.243.25.28
317,Britteny,Earle,bearle8s@arizona.edu,Female,242.172.129.74
318,Rogerio,Verheyden,rverheyden8t@techcrunch.com,Male,182.65.207.13
319,Franky,Van Arsdall,fvanarsdall8u@jimdo.com,Female,56.28.122.178
320,Jessica,Jowsey,jjowsey8v@phoca.cz,Female,20.211.234.135
321,Philis,Lilie,plilie8w@guardian.co.uk,Female,117.101.145.141
322,Lian,Vials,lvials8x@acquirethisname.com,Female,94.35.196.255
323,Ilka,Frenzel;,ifrenzel8y@umich.edu,Female,61.132.94.66
324,Sasha,Bampforth,sbampforth8z@abc.net.au,Polygender,169.156.130.110
325,Rayna,Hun,rhun90@businesswire.com,Female,166.2.212.108
326,Charmian,Delong,cdelong91@ebay.com,Genderqueer,116.234.85.155
327,Bella,Novik,bnovik92@arstechnica.com,Female,16.171.251.211
328,Giordano,Stannett,gstannett93@dailymotion.com,Male,131.22.125.17
329,Aldus,Dimelow,adimelow94@mayoclinic.com,Male,208.235.156.203
330,Ansel,Janoschek,ajanoschek95@cisco.com,Male,26.254.104.64
331,Cooper,Feldman,cfeldman96@oakley.com,Male,190.238.91.143
332,Lauritz,Strete,lstrete97@ox.ac.uk,Male,89.12.183.111
333,Kalinda,Swatland,kswatland98@ocn.ne.jp,Female,145.117.80.117
334,Sybyl,Baughen,sbaughen99@oracle.com,Female,190.71.202.168
335,Sander,Kornas,skornas9a@pinterest.com,Genderqueer,168.12.64.149
336,Thane,Belchambers,tbelchambers9b@oakley.com,Male,171.30.118.115
337,Spence,Regler,sregler9c@livejournal.com,Male,37.92.212.170
338,Noland,Piper,npiper9d@bloglines.com,Male,137.188.185.116
339,Bobbe,Filipson,bfilipson9e@epa.gov,Female,93.23.105.108
340,Burl,Strutt,bstrutt9f@pagesperso-orange.fr,Male,194.244.184.239
341,Flint,Broschke,fbroschke9g@ucoz.ru,Male,206.86.194.199
342,Christopher,Ramalhete,cramalhete9h@typepad.com,Polygender,165.4.168.189
343,Stafford,Beamiss,sbeamiss9i@myspace.com,Male,36.117.9.198
344,Silvia,Durnill,sdurnill9j@pcworld.com,Genderfluid,79.173.248.132
345,Bonny,David,bdavid9k@nhs.uk,Female,204.79.73.210
346,Maggie,Matkin,mmatkin9l@google.co.uk,Female,81.107.24.218
347,Marcus,Epple,mepple9m@examiner.com,Male,56.91.144.185
348,Teresita,Edgar,tedgar9n@simplemachines.org,Female,173.77.166.172
349,Kiah,Moat,kmoat9o@theguardian.com,Female,231.180.210.255
350,Trudy,Macak,tmacak9p@behance.net,Female,82.253.43.132
351,Niki,Parzis,nparzis9q@upenn.edu,Male,144.89.45.27
352,Caitrin,Shipston,cshipston9r@gravatar.com,Female,64.28.235.64
353,Violette,Conerding,vconerding9s@comsenz.com,Female,67.46.104.242
354,Rudolf,Acres,racres9t@oracle.com,Non-binary,245.209.17.15
355,Case,Scotting,cscotting9u@tinypic.com,Male,170.202.70.197
356,Paulette,Stempe,pstempe9v@mysql.com,Agender,184.47.168.112
357,Iseabal,Copyn,icopyn9w@narod.ru,Female,155.67.115.89
358,Roseann,Buttler,rbuttler9x@rambler.ru,Female,187.93.246.186
359,Meade,McAuslan,mmcauslan9y@pbs.org,Male,246.16.120.39
360,Maegan,Yakobovitz,myakobovitz9z@odnoklassniki.ru,Female,65.211.215.156
361,Clemence,Rankling,cranklinga0@google.es,Female,44.108.185.205
362,Augy,Fagan,afagana1@weather.com,Male,227.227.106.120
363,Virge,Fairbank,vfairbanka2@utexas.edu,Male,210.217.123.56
364,Maurizio,Thorpe,mthorpea3@hp.com,Male,113.4.30.28
365,Alana,Severns,asevernsa4@vinaora.com,Female,88.175.196.115
366,Casper,Baudin,cbaudina5@webeden.co.uk,Male,119.4.190.100
367,Cherise,McCree,cmccreea6@aol.com,Female,33.25.163.35
368,Mella,Pury,mpurya7@youtu.be,Female,153.197.218.107
369,Aloysia,Kelberer,akelberera8@sina.com.cn,Bigender,247.254.119.219
370,Harri,Senogles,hsenoglesa9@odnoklassniki.ru,Female,193.139.164.5
371,Frank,Renackowna,frenackownaaa@chicagotribune.com,Male,189.169.131.82
372,Obediah,Kemmey,okemmeyab@google.nl,Male,28.2.220.4
373,Cyrill,Coaten,ccoatenac@netlog.com,Male,117.226.162.199
374,Anthea,Gaffon,agaffonad@icio.us,Female,129.2.77.17
375,Georgianna,Roddam,groddamae@hubpages.com,Female,12.130.101.150
376,Tiffi,Bonfield,tbonfieldaf@netvibes.com,Female,163.120.122.207
377,Lona,Jewks,ljewksag@pinterest.com,Female,55.125.152.250
378,Auberta,Cuncliffe,acuncliffeah@wikipedia.org,Female,189.141.239.2
379,Stacee,Potts,spottsai@reverbnation.com,Male,113.54.51.98
380,Banky,Whitefoot,bwhitefootaj@wsj.com,Male,120.143.175.174
381,Colly,Carloni,ccarloniak@prweb.com,Female,17.160.190.127
382,Barb,Mattiessen,bmattiessenal@1und1.de,Female,205.128.47.236
383,Clio,McCabe,cmccabeam@flavors.me,Female,96.128.19.152
384,Scotti,Rutland,srutlandan@meetup.com,Male,98.157.211.89
385,Theresa,Huggill,thuggillao@comsenz.com,Female,104.94.52.161
386,Martie,Myton,mmytonap@imgur.com,Female,113.161.7.128
387,Alfi,Headings,aheadingsaq@independent.co.uk,Female,87.85.86.17
388,Anthe,Gavini,agaviniar@etsy.com,Female,86.195.73.63
389,Gustave,Scocroft,gscocroftas@boston.com,Male,55.127.97.151
390,Gnni,Moukes,gmoukesat@home.pl,Female,87.206.115.231
391,Rasla,Gotecliffe,rgotecliffeau@skyrock.com,Female,156.211.127.1
392,Ermina,Pincott,epincottav@buzzfeed.com,Female,56.128.16.58
393,Lurlene,Putnam,lputnamaw@issuu.com,Female,9.166.65.101
394,Dasi,Bermingham,dberminghamax@lulu.com,Female,21.184.80.178
395,Joline,Brewitt,jbrewittay@buzzfeed.com,Female,55.212.164.171
396,Siward,Sive,ssiveaz@eepurl.com,Male,46.126.2.152
397,Jean,Lynch,jlynchb0@mozilla.com,Female,57.64.161.135
398,Nealon,Wisden,nwisdenb1@blinklist.com,Male,231.9.171.154
399,Chad,Burrass,cburrassb2@nature.com,Male,221.169.80.207
400,Grissel,Lackinton,glackintonb3@craigslist.org,Female,215.78.201.40
401,Kinny,Aviss,kavissb4@washingtonpost.com,Male,109.247.91.89
402,Claiborne,Axelby,caxelbyb5@hao123.com,Polygender,20.193.81.34
403,Wilbert,Gillespie,wgillespieb6@gravatar.com,Male,179.76.85.51
404,Katharyn,Stannion,kstannionb7@cisco.com,Female,130.5.146.206
405,Boris,Ragborne,bragborneb8@cnbc.com,Male,240.105.20.169
406,Estelle,Price,epriceb9@intel.com,Female,145.228.227.158
407,Silvester,Troy,stroyba@mayoclinic.com,Male,139.54.128.181
408,Aloysius,MacQuarrie,amacquarriebb@digg.com,Male,66.59.167.89
409,Doris,Prewer,dprewerbc@marriott.com,Agender,175.88.37.202
410,Elmore,Linde,elindebd@technorati.com,Male,131.142.159.196
411,Rory,Gorse,rgorsebe@seesaa.net,Male,240.226.143.125
412,Jarrid,Fery,jferybf@hostgator.com,Male,227.56.48.139
413,Craggie,Antonetti,cantonettibg@latimes.com,Male,23.50.254.60
414,Brenn,Seyfart,bseyfartbh@live.com,Female,139.162.45.24
415,Cati,MacGahey,cmacgaheybi@ustream.tv,Female,173.24.174.244
416,Wallie,Wooffitt,wwooffittbj@sogou.com,Male,62.134.147.115
417,Bobby,Longmate,blongmatebk@patch.com,Female,101.9.223.30
418,Will,Eschalotte,weschalottebl@intel.com,Male,243.102.179.239
419,Jordanna,Moyse,jmoysebm@sourceforge.net,Female,123.205.119.31
420,Ted,Morison,tmorisonbn@stanford.edu,Male,159.201.40.242
421,Jonie,Willacot,jwillacotbo@icio.us,Female,195.142.190.0
422,Kennan,Halesworth,khalesworthbp@google.ca,Male,31.88.149.53
423,Stern,Blewmen,sblewmenbq@kickstarter.com,Male,95.26.161.213
424,Clementia,Swynfen,cswynfenbr@nyu.edu,Female,163.107.68.103
425,Margarete,Edwinson,medwinsonbs@google.com,Female,213.218.217.33
426,Elladine,Rooson,eroosonbt@tumblr.com,Female,56.152.6.43
427,Raine,Andrzejowski,randrzejowskibu@twitter.com,Female,237.203.178.142
428,Basilio,Mansuer,bmansuerbv@samsung.com,Male,106.170.170.102
429,Pierrette,Thame,pthamebw@vkontakte.ru,Female,179.102.135.69
430,Zacharie,Neising,zneisingbx@a8.net,Male,153.105.234.228
431,Gradey,Lascell,glascellby@slashdot.org,Male,214.114.250.9
432,Sybilla,Edmand,sedmandbz@angelfire.com,Female,155.200.202.77
433,Shina,Dederick,sdederickc0@alexa.com,Female,138.247.204.120
434,Durant,Branch,dbranchc1@list-manage.com,Male,183.50.219.149
435,Doralynn,Dandison,ddandisonc2@salon.com,Female,2.244.101.96
436,Alfredo,Desesquelle,adesesquellec3@example.com,Male,90.111.121.237
437,Enrika,Lambeth,elambethc4@census.gov,Female,21.23.196.201
438,Jonathan,Scrooby,jscroobyc5@ning.com,Non-binary,96.0.213.142
439,Faye,Janzen,fjanzenc6@facebook.com,Female,73.15.217.87
440,Dasie,Risman,drismanc7@yale.edu,Female,135.178.150.152
441,Margaret,Reven,mrevenc8@dmoz.org,Female,249.134.244.135
442,Marcel,Ronchka,mronchkac9@hp.com,Male,31.193.100.100
443,Mia,Portis,mportisca@fda.gov,Female,180.59.189.99
444,Jamie,Dubbin,jdubbincb@networkadvertising.org,Female,96.33.43.87
445,Raphaela,Weatherburn,rweatherburncc@google.nl,Female,94.189.253.163
446,Darwin,Kindleysides,dkindleysidescd@flavors.me,Male,168.48.184.185
447,Vevay,Gusney,vgusneyce@posterous.com,Non-binary,79.198.227.186
448,Violet,Fawcett,vfawcettcf@pen.io,Female,213.53.244.218
449,Marylin,Coskerry,mcoskerrycg@lulu.com,Female,101.79.79.32
450,Paquito,Warne,pwarnech@surveymonkey.com,Male,22.58.253.104
451,Fran,Brigg,fbriggci@cbslocal.com,Bigender,33.161.62.90
452,Jeffy,Presnall,jpresnallcj@google.co.uk,Male,41.42.248.102
453,Tiffany,Theobald,ttheobaldck@cocolog-nifty.com,Female,120.108.120.120
454,Eryn,O'Gaven,eogavencl@goo.ne.jp,Female,158.206.254.29
455,Thane,Lehrer,tlehrercm@sogou.com,Male,222.248.219.136
456,Saxe,Albrooke,salbrookecn@facebook.com,Male,150.186.149.40
457,Shandeigh,Shawley,sshawleyco@adobe.com,Female,113.251.233.29
458,Hali,Zanetello,hzanetellocp@bloomberg.com,Genderqueer,96.125.85.193
459,Raphael,Aldwick,raldwickcq@salon.com,Male,56.56.24.186
460,Gabriello,Fydo,gfydocr@symantec.com,Male,141.55.154.207
461,Loralyn,Aylin,laylincs@dropbox.com,Genderfluid,45.255.238.140
462,Paige,Satyford,psatyfordct@liveinternet.ru,Female,108.201.182.196
463,Estrella,Bounds,eboundscu@npr.org,Female,196.107.204.50
464,Sharline,Gazey,sgazeycv@vkontakte.ru,Agender,96.142.251.80
465,Darnell,Mourant,dmourantcw@patch.com,Male,55.158.63.181
466,Magdalen,Coultous,mcoultouscx@si.edu,Female,129.190.25.57
467,Christy,Samms,csammscy@omniture.com,Female,89.69.79.129
468,Mauricio,Denekamp,mdenekampcz@house.gov,Male,98.64.166.219
469,Patty,Duffy,pduffyd0@hubpages.com,Female,24.155.78.138
470,Consolata,Micheli,cmichelid1@google.es,Female,189.205.50.223
471,Beverlee,Pine,bpined2@paginegialle.it,Female,15.119.107.172
472,Robinet,McKernon,rmckernond3@opensource.org,Male,65.90.189.38
473,Claudianus,Welchman,cwelchmand4@uiuc.edu,Male,136.246.235.14
474,Klarrisa,Thomtson,kthomtsond5@csmonitor.com,Genderfluid,122.70.252.205
475,Shane,Graalmans,sgraalmansd6@google.com.br,Female,13.244.235.83
476,Goddard,Mityukov,gmityukovd7@java.com,Male,2.34.145.18
477,Wilden,Vaux,wvauxd8@elpais.com,Male,32.40.56.47
478,Lyell,Pfiffer,lpfifferd9@gov.uk,Male,63.90.194.90
479,Elvina,Billington,ebillingtonda@bluehost.com,Female,169.24.175.84
480,Yetta,Mattheeuw,ymattheeuwdb@toplist.cz,Female,114.171.218.51
481,See,Wheatman,swheatmandc@exblog.jp,Non-binary,125.186.42.81
482,Reube,Ewen,rewendd@discuz.net,Male,197.239.149.22
483,Terza,Morter,tmorterde@tmall.com,Female,205.5.117.215
484,Cull,Thwaite,cthwaitedf@so-net.ne.jp,Male,194.70.76.115
485,Lorianna,Machen,lmachendg@myspace.com,Female,133.144.122.133
486,Gannon,Sherwen,gsherwendh@phoca.cz,Male,117.184.247.224
487,Ricky,de Quesne,rdequesnedi@chron.com,Female,239.78.153.111
488,Eliza,Angric,eangricdj@blogger.com,Female,75.175.197.121
489,Jaye,Kerrane,jkerranedk@craigslist.org,Male,67.70.54.24
490,Rachel,Straniero,rstranierodl@storify.com,Female,69.159.60.109
491,Eolande,Regglar,eregglardm@weebly.com,Female,146.159.193.9
492,Talbert,Palfrie,tpalfriedn@t.co,Male,134.182.226.2
493,Tabby,Jovanovic,tjovanovicdo@hao123.com,Genderfluid,201.140.39.248
494,Clywd,Dufoure,cdufouredp@timesonline.co.uk,Male,16.193.184.240
495,Dorene,Yockley,dyockleydq@taobao.com,Female,243.179.108.30
496,Lani,Silley,lsilleydr@tripod.com,Female,44.35.57.219
497,Joanne,Bahike,jbahikeds@pagesperso-orange.fr,Genderfluid,108.80.44.218
498,Bertram,Thoresbie,bthoresbiedt@privacy.gov.au,Male,195.95.27.48
499,Dorette,Gluyas,dgluyasdu@ox.ac.uk,Female,199.197.21.197
500,Millicent,Rowdell,mrowdelldv@facebook.com,Female,142.76.213.73
501,Benedetta,Klesel,bkleseldw@columbia.edu,Female,103.235.156.209
502,Abelard,Whelpton,awhelptondx@rakuten.co.jp,Male,111.98.245.46
503,Crichton,Bradane,cbradanedy@pcworld.com,Male,100.30.205.73
504,Charlena,Enston,censtondz@acquirethisname.com,Female,2.177.59.251
505,Ki,Rimes,krimese0@ibm.com,Female,244.23.47.76
506,Bernetta,Kerrane,bkerranee1@harvard.edu,Female,91.39.254.134
507,Addie,MacCall,amaccalle2@ca.gov,Male,253.103.5.3
508,Angie,Abotson,aabotsone3@utexas.edu,Female,90.117.247.121
509,Umberto,Richemond,urichemonde4@indiegogo.com,Male,30.152.215.211
510,Don,Phillins,dphillinse5@cpanel.net,Male,91.131.105.47
511,Nicoline,Gait,ngaite6@dyndns.org,Female,26.154.183.211
512,Birgitta,Bartlam,bbartlame7@webmd.com,Bigender,244.120.144.8
513,Carree,MacDermot,cmacdermote8@ow.ly,Female,197.11.99.242
514,Esther,Girt,egirte9@surveymonkey.com,Female,251.122.100.187
515,Johann,Audus,jaudusea@drupal.org,Male,203.239.67.166
516,Zane,Tubby,ztubbyeb@yahoo.com,Male,182.183.197.170
517,Rois,Lonie,rlonieec@nifty.com,Female,173.45.52.21
518,Evita,O' Connell,eoconnelled@dailymotion.com,Female,222.186.69.183
519,Marci,Drowsfield,mdrowsfieldee@toplist.cz,Female,166.14.143.179
520,Wallace,Volk,wvolkef@posterous.com,Male,247.104.202.79
521,Blair,Mabbs,bmabbseg@mapy.cz,Male,196.236.97.149
522,Blinnie,Orniz,bornizeh@php.net,Female,99.160.23.188
523,Colver,Lunnon,clunnonei@ox.ac.uk,Male,139.88.186.168
524,Elonore,Elcum,eelcumej@google.pl,Female,166.24.47.73
525,Westleigh,Yushankin,wyushankinek@si.edu,Male,50.15.179.12
526,Virgil,Fahrenbach,vfahrenbachel@comsenz.com,Male,249.183.143.105
527,Anya,Mayne,amayneem@opensource.org,Female,3.138.14.10
528,Chiarra,Joiner,cjoineren@ning.com,Female,178.89.74.115
529,Nerti,Bayston,nbaystoneo@addthis.com,Female,234.58.49.208
530,Northrop,Rowen,nrowenep@soundcloud.com,Male,151.216.161.173
531,Albrecht,Schiersch,aschierscheq@jalbum.net,Male,227.204.73.17
532,Sanford,Picot,spicoter@bandcamp.com,Male,45.200.58.145
533,Liane,Maccree,lmaccreees@goodreads.com,Female,212.105.153.222
534,Ram,Brazur,rbrazuret@mozilla.org,Male,191.201.61.122
535,Paolina,Troman,ptromaneu@godaddy.com,Female,130.20.243.39
536,Lauritz,McCloughlin,lmccloughlinev@list-manage.com,Male,62.203.140.42
537,Opal,Ledbetter,oledbetterew@army.mil,Female,38.184.200.60
538,Carly,Elcy,celcyex@arstechnica.com,Male,39.201.36.235
539,Jacques,Givens,jgivensey@mapy.cz,Male,186.51.114.237
540,Andres,Hampstead,ahampsteadez@linkedin.com,Male,236.151.25.30
541,Giusto,Gonnel,ggonnelf0@eventbrite.com,Male,78.33.195.240
542,Sallee,Wedgbrow,swedgbrowf1@wikispaces.com,Female,87.190.72.4
543,Tades,Matteucci,tmatteuccif2@yandex.ru,Male,253.150.54.235
544,Sawyer,Ghilks,sghilksf3@exblog.jp,Male,38.148.76.161
545,Horacio,Hurdedge,hhurdedgef4@vinaora.com,Male,38.26.11.216
546,Sonni,MacKimmie,smackimmief5@nymag.com,Female,98.159.175.27
547,Keane,Wiles,kwilesf6@archive.org,Male,185.33.211.11
548,Blaire,Ilewicz,bilewiczf7@tiny.cc,Female,70.78.196.36
549,Seymour,Glave,sglavef8@alexa.com,Male,13.90.64.117
550,Rocky,Glandfield,rglandfieldf9@whitehouse.gov,Male,248.186.55.183
551,Mady,Rocks,mrocksfa@storify.com,Female,45.232.132.22
552,Dyanne,Wittleton,dwittletonfb@cdbaby.com,Female,219.193.40.126
553,Randee,Antonik,rantonikfc@who.int,Female,128.244.245.169
554,Milissent,Viles,mvilesfd@google.fr,Female,18.226.39.183
555,Hector,Canet,hcanetfe@wix.com,Male,254.81.102.35
556,Gilburt,Cartmel,gcartmelff@ask.com,Male,196.193.189.123
557,Rip,Brigham,rbrighamfg@bloomberg.com,Polygender,47.191.77.46
558,Moreen,Upchurch,mupchurchfh@sciencedirect.com,Female,114.195.121.31
559,Ariadne,Pickover,apickoverfi@dailymail.co.uk,Polygender,120.179.7.90
560,Raf,Bleiman,rbleimanfj@cloudflare.com,Female,172.144.89.225
561,Bud,McManus,bmcmanusfk@youtube.com,Male,95.234.203.79
562,Gwen,Farrall,gfarrallfl@shop-pro.jp,Female,79.109.150.147
563,Sara,Stelle,sstellefm@drupal.org,Female,164.131.26.87
564,Iseabal,Aiken,iaikenfn@facebook.com,Female,57.216.139.68
565,Rabi,Withers,rwithersfo@usa.gov,Male,44.191.198.199
566,Carlos,Pottberry,cpottberryfp@springer.com,Male,225.160.2.84
567,Hasheem,Morrissey,hmorrisseyfq@yale.edu,Male,81.78.246.180
568,Clayson,Smurfit,csmurfitfr@phpbb.com,Male,35.156.60.4
569,Giacinta,Handley,ghandleyfs@mayoclinic.com,Female,146.81.226.126
570,Berkie,Congreve,bcongreveft@bloomberg.com,Male,212.19.77.63
571,Ursa,Mulran,umulranfu@telegraph.co.uk,Female,168.219.170.27
572,Romy,Ranking,rrankingfv@shop-pro.jp,Female,23.123.218.138
573,Clarabelle,Lackeye,clackeyefw@soup.io,Female,161.140.233.59
574,Harriette,Bryden,hbrydenfx@spotify.com,Female,172.145.46.189
575,Luther,Vasiljevic,lvasiljevicfy@studiopress.com,Male,130.26.192.193
576,Reider,Killingbeck,rkillingbeckfz@newsvine.com,Male,27.167.252.100
577,Adan,Hame,ahameg0@tripadvisor.com,Male,108.39.105.58
578,Massimo,Newens,mnewensg1@infoseek.co.jp,Male,75.100.11.120
579,Vere,Marsters,vmarstersg2@ucsd.edu,Female,109.101.51.66
580,Bastian,Churches,bchurchesg3@studiopress.com,Male,145.139.145.243
581,Geri,Learmonth,glearmonthg4@bbb.org,Female,107.85.211.19
582,Evanne,McClosh,emccloshg5@wsj.com,Female,240.151.95.121
583,Koral,Wabersinke,kwabersinkeg6@apple.com,Female,86.232.127.12
584,Marshall,Estabrook,mestabrookg7@flavors.me,Male,252.170.218.131
585,Jana,Guterson,jgutersong8@ca.gov,Female,186.114.187.254
586,Gradeigh,Murricanes,gmurricanesg9@discovery.com,Male,117.226.0.207
587,Gwendolyn,Staneland,gstanelandga@scribd.com,Female,178.80.221.124
588,Minette,Twitchett,mtwitchettgb@ftc.gov,Female,209.28.245.137
589,Boot,Lardiner,blardinergc@cyberchimps.com,Male,239.200.233.20
590,Lenee,Hancock,lhancockgd@cargocollective.com,Female,83.74.180.194
591,Christoforo,Mealiffe,cmealiffege@yale.edu,Male,219.96.57.127
592,Lurette,Beig,lbeiggf@mail.ru,Female,191.88.165.79
593,Breanne,Clist,bclistgg@simplemachines.org,Female,102.201.206.73
594,Alexandra,Fayers,afayersgh@mtv.com,Female,77.134.115.97
595,Oona,Mulqueeny,omulqueenygi@mozilla.org,Female,239.135.11.17
596,Halie,Egglestone,hegglestonegj@dailymail.co.uk,Female,89.236.50.152
597,Charis,Latliff,clatliffgk@i2i.jp,Genderfluid,235.37.201.18
598,Bond,Tramel,btramelgl@elpais.com,Male,200.219.124.183
599,Rosalinda,Huller,rhullergm@hhs.gov,Female,194.102.102.146
600,Daveta,Boraston,dborastongn@dropbox.com,Female,93.76.198.201
601,Kriste,Baldack,kbaldackgo@etsy.com,Bigender,246.171.197.112
602,Bidget,Vsanelli,bvsanelligp@oakley.com,Female,202.128.79.209
603,Don,Laying,dlayinggq@google.com.br,Male,7.43.49.4
604,Nickola,Sparke,nsparkegr@google.pl,Male,157.35.58.164
605,Daryle,Accombe,daccombegs@paginegialle.it,Genderqueer,116.16.254.224
606,Kennie,Passion,kpassiongt@cafepress.com,Male,85.93.211.140
607,Tye,Broinlich,tbroinlichgu@bandcamp.com,Male,201.60.157.101
608,Constance,Hedger,chedgergv@dropbox.com,Female,193.60.126.44
609,Algernon,Kenchington,akenchingtongw@4shared.com,Agender,49.22.191.78
610,Tris,Renton,trentongx@pinterest.com,Male,135.81.42.163
611,Karee,Atteridge,katteridgegy@bbc.co.uk,Female,17.35.253.56
612,Revkah,Winwright,rwinwrightgz@unesco.org,Female,122.188.54.83
613,Sena,Darch,sdarchh0@altervista.org,Female,17.37.202.124
614,Reba,Belward,rbelwardh1@dagondesign.com,Female,127.212.6.78
615,De,Binnell,dbinnellh2@jugem.jp,Female,68.28.68.172
616,Ernaline,West-Frimley,ewestfrimleyh3@nasa.gov,Female,65.45.150.239
617,Elliot,Kerfut,ekerfuth4@mediafire.com,Male,214.57.88.243
618,Albie,Bullion,abullionh5@hugedomains.com,Male,37.9.74.7
619,Connie,Danzelman,cdanzelmanh6@census.gov,Female,168.219.75.176
620,Meier,Jerosch,mjeroschh7@mysql.com,Male,118.191.112.138
621,Theodoric,Di Antonio,tdiantonioh8@webs.com,Male,237.73.96.137
622,Malcolm,Spoor,mspoorh9@msu.edu,Polygender,48.219.242.77
623,Kaylyn,Starford,kstarfordha@kickstarter.com,Female,123.197.85.39
624,Basile,Ballaam,bballaamhb@cpanel.net,Male,108.45.171.181
625,Cleo,Bambrick,cbambrickhc@miitbeian.gov.cn,Female,133.89.84.114
626,Aurelie,Melbury,amelburyhd@apple.com,Genderfluid,248.145.165.11
627,Tyne,Fildery,tfilderyhe@salon.com,Female,99.8.32.150
628,Phillipp,Chisholme,pchisholmehf@businessinsider.com,Male,10.29.168.172
629,Bethina,Blakey,bblakeyhg@oracle.com,Female,87.255.210.71
630,Conn,Semmens,csemmenshh@abc.net.au,Male,179.98.173.243
631,Hendrick,Noriega,hnoriegahi@army.mil,Male,50.241.122.1
632,Berti,Cantopher,bcantopherhj@gmpg.org,Male,192.34.107.206
633,Phedra,Jarrett,pjarretthk@nyu.edu,Female,231.145.91.226
634,Westleigh,Westall,wwestallhl@sphinn.com,Non-binary,71.55.32.170
635,Launce,Nosworthy,lnosworthyhm@cbslocal.com,Male,143.12.34.27
636,Amelie,Barhem,abarhemhn@ucoz.com,Female,38.77.198.47
637,La verne,Minucci,lminucciho@google.de,Female,85.116.34.160
638,Lotty,Backes,lbackeshp@odnoklassniki.ru,Female,126.40.154.249
639,Pammi,Brinkman,pbrinkmanhq@google.fr,Female,11.187.181.130
640,Randi,McQuorkell,rmcquorkellhr@stanford.edu,Female,144.81.56.199
641,Randal,Utting,ruttinghs@csmonitor.com,Male,146.243.35.6
642,Allissa,Stait,astaitht@typepad.com,Female,109.193.114.84
643,Gal,Tommei,gtommeihu@zimbio.com,Male,125.145.128.204
644,Derrik,Turbayne,dturbaynehv@nytimes.com,Male,105.11.109.122
645,Madelyn,Bulpitt,mbulpitthw@cargocollective.com,Female,3.67.185.222
646,Bianka,Gutteridge,bgutteridgehx@bizjournals.com,Female,233.236.201.242
647,Lamond,Rudham,lrudhamhy@adobe.com,Male,40.37.31.2
648,Franklin,Hellicar,fhellicarhz@1688.com,Male,99.226.46.101
649,Rutledge,Jurczik,rjurcziki0@xing.com,Genderfluid,255.60.170.172
650,Mab,Howard - Gater,mhowardgateri1@answers.com,Female,251.33.190.230
651,Janith,Kerman,jkermani2@nytimes.com,Female,250.215.180.37
652,Stevy,Crooke,scrookei3@squarespace.com,Genderqueer,58.130.108.186
653,Griz,Whyard,gwhyardi4@harvard.edu,Male,171.182.221.27
654,Chandal,Ebanks,cebanksi5@webmd.com,Female,35.179.186.54
655,Emmy,Cadwallader,ecadwalladeri6@miibeian.gov.cn,Male,160.128.188.50
656,Hadley,Vedenisov,hvedenisovi7@symantec.com,Male,228.226.131.232
657,Alphonso,Spellacey,aspellaceyi8@cnet.com,Male,252.166.104.15
658,Benedicta,Geraldez,bgeraldezi9@delicious.com,Female,139.12.45.103
659,Rafa,Blann,rblannia@economist.com,Polygender,52.34.249.76
660,Iorgos,Kubista,ikubistaib@who.int,Male,109.5.46.253
661,Giffy,Heaney,gheaneyic@ftc.gov,Male,165.55.48.52
662,Nat,Yuill,nyuillid@yellowbook.com,Male,212.238.199.71
663,Hubie,Armour,harmourie@go.com,Male,34.10.8.92
664,Nola,Rivard,nrivardif@hostgator.com,Female,103.156.190.0
665,Hermione,Easterby,heasterbyig@fastcompany.com,Polygender,13.241.169.101
666,Thaxter,Tritton,ttrittonih@ovh.net,Male,107.131.179.90
667,Christie,O'Sherin,cosherinii@netvibes.com,Female,153.97.79.204
668,Gardener,Heck,gheckij@un.org,Male,115.235.111.184
669,Rosalyn,Yakuntzov,ryakuntzovik@homestead.com,Female,165.133.247.201
670,Murial,Kimm,mkimmil@wufoo.com,Female,34.246.6.250
671,Fitz,Parlatt,fparlattim@gnu.org,Male,153.106.108.223
672,Nikolaus,Dabnor,ndabnorin@comsenz.com,Male,68.219.186.191
673,Benedetto,Drakers,bdrakersio@constantcontact.com,Male,241.36.4.34
674,Jeniece,Van Vuuren,jvanvuurenip@shop-pro.jp,Female,184.40.147.180
675,Verne,Oliva,volivaiq@about.me,Male,134.255.71.47
676,Obie,Margaret,omargaretir@xinhuanet.com,Male,117.97.207.80
677,Reggie,Valentim,rvalentimis@nationalgeographic.com,Male,153.126.26.20
678,Bridie,Kennard,bkennardit@newyorker.com,Female,113.121.182.125
679,Kirk,Rainville,krainvilleiu@samsung.com,Male,127.63.171.239
680,Eddi,Chattey,echatteyiv@economist.com,Female,126.152.242.241
681,Josh,Realph,jrealphiw@virginia.edu,Male,3.130.255.86
682,Mariann,Boddington,mboddingtonix@oakley.com,Female,52.226.241.57
683,Rois,Mallabone,rmallaboneiy@instagram.com,Female,237.16.161.139
684,Barclay,Minty,bmintyiz@flickr.com,Male,168.137.68.210
685,Brit,Natwick,bnatwickj0@ustream.tv,Female,149.22.211.164
686,June,Alcide,jalcidej1@amazon.de,Female,99.180.203.107
687,Bondon,Tompkinson,btompkinsonj2@usnews.com,Non-binary,114.101.218.85
688,Trip,Al Hirsi,talhirsij3@yellowbook.com,Male,115.52.20.120
689,Romona,Valler,rvallerj4@earthlink.net,Female,4.81.69.50
690,Eberto,Dobrowolny,edobrowolnyj5@sphinn.com,Male,230.239.142.53
691,Alvin,Ollis,aollisj6@goo.gl,Male,79.119.122.95
692,Dalton,Capes,dcapesj7@dagondesign.com,Genderfluid,162.195.132.136
693,Thedrick,Petrozzi,tpetrozzij8@yahoo.co.jp,Male,8.37.41.105
694,Evey,Girardoni,egirardonij9@cdc.gov,Female,148.34.22.119
695,Richmond,Wharby,rwharbyja@prnewswire.com,Male,176.187.7.135
696,Derrik,Andreacci,dandreaccijb@dailymail.co.uk,Male,89.139.202.140
697,Ahmad,Paulack,apaulackjc@mysql.com,Male,2.3.238.186
698,Orren,Pumfrey,opumfreyjd@jugem.jp,Male,214.84.152.14
699,Janifer,Fitzgerald,jfitzgeraldje@unblog.fr,Female,125.238.123.128
700,Gusella,Pistol,gpistoljf@cbsnews.com,Female,109.225.130.122
701,Maurizia,Langsbury,mlangsburyjg@bravesites.com,Female,30.195.55.141
702,Oswald,Focke,ofockejh@free.fr,Male,115.226.86.194
703,Ingrim,Thynne,ithynneji@youku.com,Male,99.205.192.23
704,Maire,Blunsen,mblunsenjj@gravatar.com,Female,245.223.122.80
705,Nero,Farrent,nfarrentjk@nih.gov,Male,79.64.238.146
706,Jemmie,Cowlas,jcowlasjl@infoseek.co.jp,Female,38.71.129.116
707,Pail,Simmans,psimmansjm@spiegel.de,Male,255.22.58.151
708,Briny,Kinner,bkinnerjn@ucoz.com,Female,112.137.133.122
709,Biddie,Wakeling,bwakelingjo@cnn.com,Female,146.54.19.5
710,Constancia,Bruhke,cbruhkejp@infoseek.co.jp,Female,178.123.254.158
711,Feodor,Fortun,ffortunjq@sun.com,Male,69.193.115.213
712,Gill,Brinson,gbrinsonjr@google.ca,Male,186.13.91.82
713,Emmalyn,Empleton,eempletonjs@tinypic.com,Female,36.102.92.177
714,Diana,Aymeric,daymericjt@examiner.com,Female,221.221.138.152
715,Ware,Tout,wtoutju@usda.gov,Male,143.242.1.247
716,Costa,Antoniou,cantonioujv@java.com,Male,206.170.197.96
717,Sutherland,Antczak,santczakjw@csmonitor.com,Male,38.207.114.253
718,Orv,Kupker,okupkerjx@intel.com,Male,247.179.36.9
719,Elissa,Wodeland,ewodelandjy@cnbc.com,Female,109.223.108.134
720,Steffane,Ilive,silivejz@people.com.cn,Female,128.167.58.191
721,Mack,Aylett,maylettk0@newyorker.com,Non-binary,204.95.255.152
722,Nancee,Dawney,ndawneyk1@vk.com,Female,232.111.107.26
723,Carolyn,Youde,cyoudek2@w3.org,Female,17.241.239.230
724,Budd,Rumble,brumblek3@networksolutions.com,Male,191.246.8.112
725,Hoebart,Moine,hmoinek4@woothemes.com,Male,219.55.132.252
726,Del,Loveard,dloveardk5@slashdot.org,Female,82.25.8.249
727,Elias,Sapwell,esapwellk6@sciencedaily.com,Male,154.244.173.133
728,Cullin,Fermoy,cfermoyk7@stanford.edu,Male,78.138.32.212
729,Annnora,Okker,aokkerk8@vimeo.com,Female,176.150.43.73
730,Floris,Tytherton,ftythertonk9@paypal.com,Female,79.217.60.149
731,Erda,Shemmans,eshemmanska@360.cn,Female,184.25.14.103
732,Rick,Bouch,rbouchkb@google.com,Male,150.41.14.61
733,Wallis,Amorts,wamortskc@example.com,Male,17.10.236.111
734,Sissy,Sheriff,ssheriffkd@ameblo.jp,Female,212.102.3.18
735,Cindie,Dobbyn,cdobbynke@abc.net.au,Female,161.205.20.37
736,Eleni,O'Dempsey,eodempseykf@yellowbook.com,Female,37.108.205.169
737,Barnebas,Issacson,bissacsonkg@theglobeandmail.com,Male,104.57.149.23
738,Teador,Lipsett,tlipsettkh@paginegialle.it,Male,216.222.233.213
739,Renard,Abberley,rabberleyki@gov.uk,Male,69.218.66.66
740,Sidonia,Andrivot,sandrivotkj@elpais.com,Female,231.45.99.104
741,Katha,Summerson,ksummersonkk@canalblog.com,Female,243.186.226.247
742,Iorgo,McOrkil,imcorkilkl@seesaa.net,Male,84.154.57.82
743,Iris,Slany,islanykm@prnewswire.com,Female,183.61.255.95
744,Glyn,Askwith,gaskwithkn@wikispaces.com,Male,17.233.230.221
745,Cassie,Simcoe,csimcoeko@ow.ly,Male,196.106.253.152
746,Penelope,Greneham,pgrenehamkp@google.cn,Female,239.56.44.239
747,Lemmy,Cavee,lcaveekq@washingtonpost.com,Genderqueer,175.42.113.149
748,Rudd,Syce,rsycekr@purevolume.com,Male,48.75.43.60
749,Jojo,Pisculli,jpisculliks@reuters.com,Female,195.247.146.160
750,Feliks,Curreen,fcurreenkt@kickstarter.com,Male,196.69.27.11
751,Judas,Hame,jhameku@bloomberg.com,Male,87.103.200.27
752,Puff,Jickles,pjickleskv@ed.gov,Male,63.104.32.255
753,Thalia,Varlow,tvarlowkw@mysql.com,Female,6.206.215.101
754,Donielle,Keelin,dkeelinkx@wp.com,Female,161.196.252.57
755,Marcie,Yurygyn,myurygynky@cyberchimps.com,Female,92.243.10.132
756,Den,Pires,dpireskz@bing.com,Male,160.154.141.112
757,Hadrian,Stebles,hsteblesl0@sciencedirect.com,Male,46.242.127.97
758,Bryana,Benditt,bbendittl1@indiegogo.com,Female,103.70.247.86
759,Jesus,Durbyn,jdurbynl2@fda.gov,Male,205.223.173.219
760,Brice,Cloke,bclokel3@toplist.cz,Male,202.47.222.133
761,Phip,Ritelli,pritellil4@geocities.com,Male,223.168.120.173
762,Jdavie,Puncher,jpuncherl5@dyndns.org,Male,196.9.123.161
763,Indira,de Marco,idemarcol6@admin.ch,Female,208.219.225.157
764,Georgianne,Dunnett,gdunnettl7@wired.com,Female,66.49.122.78
765,Janeva,Giacovazzo,jgiacovazzol8@nasa.gov,Female,213.118.229.240
766,Renae,Kerwick,rkerwickl9@ucoz.ru,Female,195.172.116.103
767,Ted,Binford,tbinfordla@i2i.jp,Male,171.214.75.140
768,Gwennie,De Banke,gdebankelb@webnode.com,Female,149.235.218.188
769,Evelyn,Elcum,eelcumlc@irs.gov,Male,1.122.125.223
770,Leena,Stammer,lstammerld@japanpost.jp,Female,117.71.208.213
771,Vail,Hardisty,vhardistyle@adobe.com,Male,120.40.157.174
772,Justinian,Gowdie,jgowdielf@tamu.edu,Male,169.46.255.184
773,Iggie,Sambidge,isambidgelg@wordpress.com,Male,170.111.116.41
774,Danya,Ceci,dcecilh@columbia.edu,Male,42.141.38.203
775,Joellyn,Yegorkov,jyegorkovli@archive.org,Female,220.52.239.203
776,Jason,Thicking,jthickinglj@youtu.be,Male,119.71.183.71
777,Mahmud,Winnard,mwinnardlk@webmd.com,Male,6.136.3.156
778,Vyky,Geoghegan,vgeogheganll@chicagotribune.com,Female,40.29.166.11
779,Sanders,Paton,spatonlm@ebay.com,Male,209.141.207.19
780,Katti,Mableson,kmablesonln@macromedia.com,Female,220.186.142.145
781,Vonny,Rosenkrantz,vrosenkrantzlo@ebay.com,Female,87.244.137.192
782,Diandra,Edyson,dedysonlp@yale.edu,Agender,218.54.235.251
783,Inigo,Coytes,icoyteslq@printfriendly.com,Male,231.212.242.58
784,Carin,Markwell,cmarkwelllr@mapquest.com,Female,56.53.49.7
785,Sanford,Morphew,smorphewls@yellowbook.com,Male,50.37.101.105
786,Fonzie,Popeley,fpopeleylt@sphinn.com,Male,204.249.93.98
787,Chrysler,Sterry,csterrylu@lycos.com,Female,16.14.54.179
788,Lionello,Leatherland,lleatherlandlv@ifeng.com,Male,233.51.2.159
789,Devy,Minihan,dminihanlw@rakuten.co.jp,Male,135.143.50.22
790,Arnold,Bartali,abartalilx@wordpress.com,Male,208.47.121.252
791,Stinky,Pickworth,spickworthly@statcounter.com,Polygender,242.224.208.21
792,Franciskus,Davitti,fdavittilz@adobe.com,Male,203.192.148.67
793,Olivier,Ilett,oilettm0@ning.com,Male,100.194.216.152
794,Somerset,Masey,smaseym1@moonfruit.com,Male,32.155.212.226
795,Fidela,Penhalewick,fpenhalewickm2@acquirethisname.com,Female,197.184.25.78
796,Christian,Flowers,cflowersm3@youtu.be,Male,17.163.76.180
797,Luther,Vasilyonok,lvasilyonokm4@barnesandnoble.com,Male,213.235.197.12
798,Ebeneser,Burnside,eburnsidem5@barnesandnoble.com,Male,237.119.172.154
799,Brian,Loving,blovingm6@mozilla.com,Male,170.58.206.127
800,Wald,McGhee,wmcgheem7@foxnews.com,Male,209.242.69.204
801,Nancie,Bottrill,nbottrillm8@usgs.gov,Female,181.253.194.133
802,Jessika,Plunket,jplunketm9@google.fr,Female,29.90.100.51
803,Nerissa,Verbeke,nverbekema@fastcompany.com,Female,178.54.186.135
804,Janine,Levensky,jlevenskymb@vkontakte.ru,Female,5.39.122.177
805,Penn,Walkingshaw,pwalkingshawmc@last.fm,Male,184.67.59.191
806,Earl,Nutty,enuttymd@deviantart.com,Male,59.153.218.19
807,Allyn,Murney,amurneyme@discovery.com,Male,66.144.230.22
808,Heriberto,Losty,hlostymf@engadget.com,Male,88.129.217.219
809,Nathaniel,Chartres,nchartresmg@cbc.ca,Male,153.190.32.138
810,Hortense,Bazoge,hbazogemh@unicef.org,Female,29.168.187.221
811,Adlai,Eliassen,aeliassenmi@fc2.com,Male,221.216.0.112
812,Mahala,Holdey,mholdeymj@stumbleupon.com,Female,157.196.109.208
813,Gwendolen,Gillaspy,ggillaspymk@vkontakte.ru,Female,144.163.67.110
814,Philippine,Domesday,pdomesdayml@bing.com,Female,25.125.161.110
815,Melessa,McCue,mmccuemm@slideshare.net,Female,106.245.56.59
816,Clea,Cartmel,ccartmelmn@list-manage.com,Female,77.126.170.51
817,Drucie,Manon,dmanonmo@flickr.com,Female,96.210.63.204
818,Aryn,Norwich,anorwichmp@chronoengine.com,Genderfluid,70.235.176.201
819,Consolata,Raftery,crafterymq@blogtalkradio.com,Female,128.255.138.254
820,Winfred,Aleksandrikin,waleksandrikinmr@hc360.com,Male,45.255.211.253
821,Noland,Trumpeter,ntrumpeterms@jigsy.com,Male,6.93.238.232
822,Isak,Ralls,irallsmt@wikia.com,Male,101.63.23.145
823,Bernetta,Hodinton,bhodintonmu@ifeng.com,Female,55.33.43.235
824,Jonis,Verdie,jverdiemv@chicagotribune.com,Female,218.204.8.246
825,Turner,Manktelow,tmanktelowmw@naver.com,Male,125.158.178.239
826,Vyky,Ferran,vferranmx@mashable.com,Female,134.110.10.234
827,Royall,Western,rwesternmy@tumblr.com,Male,212.248.211.33
828,Leandra,Lingley,llingleymz@alexa.com,Polygender,158.196.76.194
829,Udell,Ellens,uellensn0@wikimedia.org,Male,66.60.112.193
830,Ahmed,Brockhurst,abrockhurstn1@shinystat.com,Male,17.69.230.40
831,Elberta,Mole,emolen2@guardian.co.uk,Female,237.118.201.37
832,Cross,Bednall,cbednalln3@tmall.com,Male,250.89.46.227
833,Donna,De Wolfe,ddewolfen4@reverbnation.com,Non-binary,24.211.26.92
834,Alejandrina,Hewins,ahewinsn5@loc.gov,Female,96.162.248.251
835,Sasha,Eversfield,seversfieldn6@disqus.com,Male,104.237.47.150
836,Netti,Swalteridge,nswalteridgen7@redcross.org,Female,239.107.58.39
837,Lynnea,Berk,lberkn8@behance.net,Bigender,150.64.12.159
838,Dulcinea,Giacobillo,dgiacobillon9@yale.edu,Genderqueer,252.11.12.213
839,Kelsey,Afonso,kafonsona@ox.ac.uk,Female,98.85.165.162
840,Uriel,Chasles,uchaslesnb@51.la,Male,137.139.182.195
841,Corabelle,Goodboddy,cgoodboddync@bbc.co.uk,Female,93.118.159.102
842,Gonzales,Urien,guriennd@canalblog.com,Male,149.51.68.154
843,Katrina,Daid,kdaidne@toplist.cz,Female,225.45.8.179
844,Myrtie,Dorney,mdorneynf@aboutads.info,Female,230.35.76.0
845,Gaspard,Beveridge,gbeveridgeng@slashdot.org,Male,67.112.90.201
846,Sheila,Purchall,spurchallnh@facebook.com,Female,215.202.17.32
847,Kore,Samsonsen,ksamsonsenni@google.it,Female,137.253.167.165
848,Ludovika,Jankiewicz,ljankiewicznj@wikia.com,Female,180.121.198.185
849,Ardath,Dowdney,adowdneynk@illinois.edu,Female,84.142.69.190
850,Shelbi,Theodoris,stheodorisnl@bloglovin.com,Female,64.66.14.142
851,Robinia,Van Oort,rvanoortnm@mozilla.com,Female,187.99.132.130
852,Benedikt,Ruoff,bruoffnn@taobao.com,Male,88.52.75.37
853,Locke,Padkin,lpadkinno@cnet.com,Male,36.158.92.211
854,Jermaine,Kimmons,jkimmonsnp@bigcartel.com,Female,149.223.244.27
855,Glen,Allebone,gallebonenq@printfriendly.com,Female,248.140.237.195
856,Erskine,Connerly,econnerlynr@mit.edu,Male,112.83.207.165
857,Thatch,Sparrow,tsparrowns@simplemachines.org,Male,185.131.85.53
858,Rodge,Ilyasov,rilyasovnt@meetup.com,Male,103.129.109.70
859,Jennilee,Jenik,jjeniknu@si.edu,Female,65.203.156.43
860,Rozelle,Bril,rbrilnv@wordpress.com,Female,62.177.227.70
861,Betsy,Doylend,bdoylendnw@tumblr.com,Female,78.249.176.118
862,Arluene,Kohnemann,akohnemannnx@icio.us,Female,145.82.81.209
863,Bunni,Tryhorn,btryhornny@nydailynews.com,Female,110.80.234.38
864,Gayler,Rowbrey,growbreynz@twitter.com,Male,157.161.92.218
865,Sophia,Staddon,sstaddono0@youtube.com,Female,143.143.253.115
866,Friedrick,Rampling,framplingo1@tumblr.com,Male,79.129.218.77
867,Janette,Kidney,jkidneyo2@cafepress.com,Female,176.255.200.214
868,Kyle,Nutton,knuttono3@symantec.com,Female,1.122.93.60
869,Rania,Philipard,rphilipardo4@zimbio.com,Female,216.243.192.119
870,Rivi,Rathjen,rrathjeno5@wikia.com,Female,20.243.77.212
871,Olly,Willingale,owillingaleo6@hugedomains.com,Female,62.133.55.122
872,Eleanor,Lamberts,elambertso7@buzzfeed.com,Agender,53.79.133.52
873,Tillie,Gaitone,tgaitoneo8@canalblog.com,Genderqueer,24.116.134.213
874,Briana,McTurk,bmcturko9@statcounter.com,Female,169.94.135.220
875,Sibeal,Goldes,sgoldesoa@lycos.com,Female,185.99.183.208
876,Tomasine,Caldeiro,tcaldeiroob@typepad.com,Agender,83.238.58.110
877,Dannie,Pelling,dpellingoc@netvibes.com,Male,140.192.183.12
878,Camey,Salling,csallingod@who.int,Male,134.48.59.51
879,Kym,Kalisz,kkaliszoe@godaddy.com,Agender,32.236.85.39
880,Shandie,Ghilks,sghilksof@wired.com,Female,58.102.39.38
881,Reagan,McMeeking,rmcmeekingog@google.com,Male,62.223.200.96
882,Lettie,Bollis,lbollisoh@squarespace.com,Female,92.178.211.206
883,Harriot,Lenz,hlenzoi@state.gov,Female,123.198.137.212
884,Zoe,Glowinski,zglowinskioj@unicef.org,Female,113.134.156.131
885,Guthrie,Chable,gchableok@time.com,Male,74.24.253.7
886,Cornell,Dalli,cdalliol@miitbeian.gov.cn,Male,225.84.168.26
887,Maurine,Noads,mnoadsom@infoseek.co.jp,Female,73.162.197.246
888,Riley,Valder,rvalderon@engadget.com,Male,111.222.133.108
889,Tiffany,Devons,tdevonsoo@studiopress.com,Female,194.143.122.36
890,Kort,Tressler,ktresslerop@1688.com,Genderqueer,72.222.169.169
891,Zoe,Brockman,zbrockmanoq@xinhuanet.com,Female,230.176.72.10
892,Fergus,Slimming,fslimmingor@loc.gov,Male,164.28.90.113
893,Cece,Branchet,cbranchetos@auda.org.au,Polygender,150.124.181.122
894,Anthony,Syvret,asyvretot@woothemes.com,Male,25.182.210.182
895,Kesley,Kelleher,kkelleherou@japanpost.jp,Female,64.198.58.28
896,Kym,Vobes,kvobesov@e-recht24.de,Female,23.182.170.182
897,Dallon,Dorsett,ddorsettow@hc360.com,Male,47.15.151.231
898,Giorgio,Scoyne,gscoyneox@blogger.com,Male,193.147.156.192
899,Arabel,Revelle,arevelleoy@umn.edu,Female,140.12.115.92
900,Dale,Rodenburg,drodenburgoz@opera.com,Male,144.78.243.105
901,Skyler,Farlowe,sfarlowep0@soundcloud.com,Male,84.127.176.235
902,Gretel,Wolfers,gwolfersp1@scribd.com,Female,83.134.137.39
903,Lemmy,Izhakov,lizhakovp2@weebly.com,Male,206.109.196.65
904,Niccolo,Dmych,ndmychp3@shutterfly.com,Male,228.236.117.156
905,Herman,Terry,hterryp4@spiegel.de,Male,228.149.123.3
906,Vincenz,Omand,vomandp5@kickstarter.com,Male,117.203.169.92
907,Riccardo,Wyche,rwychep6@example.com,Male,33.44.87.28
908,Myles,Croall,mcroallp7@arstechnica.com,Male,226.5.222.226
909,Ronny,Sonschein,rsonscheinp8@mysql.com,Male,45.42.83.153
910,Denny,Unwins,dunwinsp9@nhs.uk,Male,47.91.20.215
911,Quintin,Skewis,qskewispa@list-manage.com,Male,26.219.10.144
912,Somerset,Kelling,skellingpb@illinois.edu,Male,82.43.135.98
913,Friedrick,Zavattari,fzavattaripc@vkontakte.ru,Male,240.131.170.179
914,Enos,Lucian,elucianpd@creativecommons.org,Male,146.232.0.152
915,Zelig,Grigolon,zgrigolonpe@friendfeed.com,Male,68.10.194.230
916,Kellby,MacAnulty,kmacanultypf@ovh.net,Male,164.15.75.43
917,Priscella,Basketter,pbasketterpg@google.de,Female,95.201.82.211
918,Joana,Edgell,jedgellph@samsung.com,Female,85.239.215.245
919,Branden,Rizzello,brizzellopi@mapy.cz,Male,129.20.111.34
920,Maynord,Jodkowski,mjodkowskipj@utexas.edu,Male,74.238.112.225
921,Nico,Comsty,ncomstypk@slate.com,Male,150.57.94.43
922,Umeko,Cordeau],ucordeaupl@rediff.com,Female,220.130.119.217
923,Cori,Backshill,cbackshillpm@senate.gov,Male,12.55.245.14
924,Brendis,Linklet,blinkletpn@domainmarket.com,Male,131.102.59.228
925,Elisabeth,Gann,egannpo@parallels.com,Female,62.65.94.103
926,Roman,Sillick,rsillickpp@ted.com,Male,178.23.246.122
927,Karly,Wellsman,kwellsmanpq@google.co.uk,Female,56.209.63.159
928,Jillene,Jellyman,jjellymanpr@tinypic.com,Female,69.32.135.167
929,Trudey,Mundwell,tmundwellps@wired.com,Female,114.61.73.108
930,Elyssa,Nurse,enursept@ft.com,Female,102.37.212.34
931,Kip,Spacey,kspaceypu@sciencedaily.com,Male,219.155.95.197
932,Dav,Hatliffe,dhatliffepv@slideshare.net,Bigender,237.53.247.244
933,Jamey,Edgerly,jedgerlypw@boston.com,Male,79.165.18.246
934,Riannon,Jeyes,rjeyespx@sciencedaily.com,Female,3.6.197.129
935,Rory,Mathison,rmathisonpy@buzzfeed.com,Female,12.92.183.117
936,Koenraad,Symondson,ksymondsonpz@jiathis.com,Male,131.246.186.172
937,Alfredo,Churchman,achurchmanq0@typepad.com,Male,114.74.120.57
938,Aurea,Longstreet,alongstreetq1@japanpost.jp,Female,202.239.131.72
939,Adriane,Bumpus,abumpusq2@dedecms.com,Female,194.152.214.246
940,Florina,Blackah,fblackahq3@oakley.com,Female,6.128.142.26
941,Marysa,Spillman,mspillmanq4@posterous.com,Female,136.110.26.244
942,Crissy,Smiley,csmileyq5@devhub.com,Female,25.234.118.241
943,Luis,Marchington,lmarchingtonq6@flickr.com,Male,16.9.29.82
944,Deeanne,Turnock,dturnockq7@naver.com,Female,109.139.97.183
945,Helena,Batisse,hbatisseq8@nasa.gov,Female,186.114.218.144
946,Avril,Garbutt,agarbuttq9@discuz.net,Female,52.160.72.10
947,Rriocard,Borres,rborresqa@google.co.jp,Male,254.62.65.252
948,Shaylynn,Raffin,sraffinqb@wordpress.org,Female,36.218.190.111
949,Matty,Scogings,mscogingsqc@washington.edu,Male,214.232.94.222
950,Fannie,Pordall,fpordallqd@arizona.edu,Female,65.114.57.32
951,Cami,Conningham,cconninghamqe@gov.uk,Female,174.241.51.184
952,Agna,Crinson,acrinsonqf@state.tx.us,Female,16.241.83.4
953,Beltran,Barby,bbarbyqg@wiley.com,Male,124.103.241.235
954,Andreas,Adamiec,aadamiecqh@bandcamp.com,Male,22.213.236.111
955,Anabella,Temlett,atemlettqi@thetimes.co.uk,Female,56.67.116.219
956,Jaime,Daltry,jdaltryqj@delicious.com,Female,132.24.182.6
957,Gwyn,Ledamun,gledamunqk@stanford.edu,Female,153.41.117.25
958,Jordan,MacFadzean,jmacfadzeanql@arizona.edu,Female,25.210.61.201
959,Dona,Benz,dbenzqm@4shared.com,Female,191.238.255.89
960,Gabriel,Midgely,gmidgelyqn@google.it,Female,59.169.53.80
961,Darleen,Stanway,dstanwayqo@a8.net,Female,90.51.62.131
962,Sonny,Dauber,sdauberqp@twitpic.com,Male,213.117.238.69
963,Bord,Tew,btewqq@digg.com,Male,18.32.223.199
964,Ephrayim,Tenaunt,etenauntqr@4shared.com,Male,161.222.91.220
965,Kaiser,Lude,kludeqs@sphinn.com,Male,30.73.64.45
966,Den,Mattityahou,dmattityahouqt@simplemachines.org,Male,214.90.14.76
967,Sallie,Shivlin,sshivlinqu@java.com,Female,0.173.9.218
968,Cinda,Arlott,carlottqv@infoseek.co.jp,Female,114.43.199.84
969,Ingra,Peyton,ipeytonqw@wordpress.com,Male,111.208.204.98
970,Rebe,Shakeshaft,rshakeshaftqx@microsoft.com,Female,32.40.163.154
971,Beverlie,Dilnot,bdilnotqy@creativecommons.org,Female,64.191.173.29
972,Evin,Imlacke,eimlackeqz@last.fm,Male,86.179.177.100
973,Priscella,Norman,pnormanr0@skyrock.com,Non-binary,72.198.8.111
974,Kerr,Imison,kimisonr1@chron.com,Male,86.50.139.207
975,Kendal,McElwee,kmcelweer2@nydailynews.com,Male,127.163.79.93
976,Sheri,Tankin,stankinr3@symantec.com,Non-binary,67.155.90.59
977,Trumaine,Viccary,tviccaryr4@google.ca,Male,210.162.248.85
978,Milka,O'Sheeryne,mosheeryner5@netscape.com,Female,145.144.9.82
979,Skyler,Elan,selanr6@mayoclinic.com,Male,73.160.105.28
980,Dyann,Castagnaro,dcastagnaror7@home.pl,Female,13.179.190.116
981,Giana,Ogelbe,gogelber8@soup.io,Female,204.159.183.156
982,Marlene,Richichi,mrichichir9@cam.ac.uk,Female,125.143.32.45
983,Edgar,Braney,ebraneyra@oakley.com,Male,5.236.177.151
984,Jabez,O'Rourke,jorourkerb@phpbb.com,Male,16.52.211.184
985,Christie,Mulvey,cmulveyrc@xing.com,Male,79.81.216.49
986,Sancho,O'dell,sodellrd@51.la,Male,116.245.244.134
987,Malinde,Gamlen,mgamlenre@bloglines.com,Female,96.156.91.36
988,Beaufort,Dannett,bdannettrf@ycombinator.com,Non-binary,103.184.117.230
989,Consuelo,Breakey,cbreakeyrg@simplemachines.org,Female,32.36.243.110
990,Kendra,Kettlewell,kkettlewellrh@walmart.com,Female,143.90.215.231
991,Briggs,Nalder,bnalderri@nhs.uk,Male,156.38.18.221
992,Sydney,Sleith,ssleithrj@bbc.co.uk,Male,40.164.231.149
993,Sylvester,Witherop,switheroprk@t-online.de,Male,147.249.132.202
994,Lil,Adshead,ladsheadrl@cbsnews.com,Female,196.84.239.129
995,Huntlee,Tiley,htileyrm@moonfruit.com,Bigender,68.211.211.120
996,Ingunna,Massen,imassenrn@symantec.com,Female,216.15.35.101
997,Lamond,Maggi,lmaggiro@china.com.cn,Polygender,87.201.200.165
998,Barnard,Kearford,bkearfordrp@ihg.com,Male,31.253.156.162
999,Gene,Godsell,ggodsellrq@dropbox.com,Female,178.180.62.120
1000,Cicely,Martlew,cmartlewrr@github.com,Female,149.124.64.5
